{
  "collectionPeriod": {
    "start": 1752105757056,
    "end": 1752105845464,
    "duration": 88408
  },
  "translationMetrics": {
    "totalTranslations": 6,
    "averageResponseTime": 519,
    "minResponseTime": 70,
    "maxResponseTime": 1548,
    "medianResponseTime": 73,
    "averageTextLength": 33,
    "throughput": 4.072029680571894
  },
  "systemMetrics": {
    "cpu": {
      "average": 7.102325581395351,
      "min": 1.2,
      "max": 29,
      "median": 5.9
    },
    "memory": {
      "average": 7909.455813953489,
      "min": 7406.9,
      "max": 8829.5,
      "median": 7901.3
    },
    "temperature": {
      "average": 46.774418604651146,
      "min": 45.3,
      "max": 52.2,
      "median": 46.5
    }
  },
  "browserMetrics": null,
  "errors": []
}